1;FGM;± grammaticalized morphology;;FGM;+;+;+;+;+;+;+;+;+;+;+;+;+;+;+;+;+;+;+;+;+;+;+;+;+;+;+;+;+;+;+;+;+;-;-;+;+;+;+;+;+;+;+;+;+;+;+;+;+;+;+;+;+;+;+;+;+;+;+;+;+;FGM;1;;;;;;;;;;;;;;;;;;;;
2;FGA;± grammaticalized agreement;+FGM;FGA;+;+;+;+;+;+;+;+;+;+;+;+;+;+;+;+;+;+;+;+;+;+;+;+;+;+;+;+;+;+;+;+;+;0;0;-;-;+;+;+;+;+;+;+;+;+;+;+;+;+;+;+;+;+;+;+;+;+;-;+;+;FGA;2;;;;;;;;;;;;;;;;;;;;
3;FGK;± grammaticalized Case;+FGM;FGK;+;+;+;+;+;+;+;+;+;+;+;+;+;+;+;+;+;+;+;+;+;+;+;+;+;+;+;+;+;+;+;+;+;0;0;+;+;+;+;+;+;+;+;+;+;+;+;+;+;+;+;+;+;+;+;+;+;-;+;+;+;FGK;3;;;;;;;;;;;;;;;;;;;;
4;SPK;± grammaticalized (ultra-)spatial Cases;+FGK;SPK;-;-;-;-;-;-;-;-;-;-;-;-;-;-;-;-;-;-;-;-;-;-;-;-;-;-;-;-;-;-;-;-;-;0;0;-;-;-;-;+;-;+;+;+;+;-;+;+;+;-;-;-;-;-;-;-;-;0;-;-;-;SPK;4;;;;;;;;;;;;;;;;;;;;
5;FGP;± grammaticalized person                         ;+FGM;FGP;+;+;+;+;+;+;+;+;+;+;+;+;+;+;+;+;+;+;+;+;+;+;+;+;+;+;+;+;+;+;+;+;+;0;0;-;-;+;+;+;+;+;+;+;+;+;+;+;+;+;+;+;+;+;+;+;+;+;+;+;+;FGP;5;;;;;;;;;;;;;;;;;;;;
6;FSP;± semantic person                         ;¬+FGP;FSP;0;0;0;0;0;0;0;0;0;0;0;0;0;0;0;0;0;0;0;0;0;0;0;0;0;0;0;0;0;0;0;0;0;+;+;-;-;0;0;0;0;0;0;0;0;0;0;0;0;0;0;0;0;0;0;0;0;0;0;0;0;FSP;6;;;;;;;;;;;;;;;;;;;;
7;FGN;± grammaticalized number;+FGP;FGN;+;+;+;+;+;+;+;+;+;+;+;+;+;+;+;+;+;+;+;+;+;+;+;+;+;+;+;+;+;+;+;+;+;0;0;0;0;+;+;+;+;+;+;+;+;+;+;+;+;+;+;+;+;+;+;+;+;+;+;+;+;FGN;7;;;;;;;;;;;;;;;;;;;;
8;SCO;± spread collective number;+FGM, ¬+FGN;SCO;0;0;0;0;0;0;0;0;0;0;0;0;0;0;0;0;0;0;0;0;0;0;0;0;0;0;0;0;0;0;0;0;0;0;0;-;-;0;0;0;0;0;0;0;0;0;0;0;0;0;0;0;0;0;0;0;0;0;0;0;0;SCO;8;;;;;;;;;;;;;;;;;;;;
9;GDP;± grammaticalized distributive plurality;+FGM, ¬+FGN;GDP;0;0;0;0;0;0;0;0;0;0;0;0;0;0;0;0;0;0;0;0;0;0;0;0;0;0;0;0;0;0;0;0;0;0;0;-;+;0;0;0;0;0;0;0;0;0;0;0;0;0;0;0;0;0;0;0;0;0;0;0;0;GDP;9;;;;;;;;;;;;;;;;;;;;
10;FSN;± number spread to N;+FGN;FSN;+;+;+;+;+;+;+;+;+;+;+;+;+;+;+;+;+;+;+;+;+;+;+;+;+;+;+;+;+;+;+;+;+;0;0;0;0;+;+;+;+;+;+;+;+;+;+;+;+;+;+;+;+;+;+;-;-;-;-;+;+;FSN;10;;;;;;;;;;;;;;;;;;;;
11;FNN;± number on N;+FSN;FNN;+;+;+;+;-;-;+;+;+;+;+;+;+;+;+;+;+;+;+;+;+;+;+;+;+;+;+;+;+;+;+;+;+;0;0;0;0;+;+;+;+;+;+;+;+;+;+;+;+;+;+;+;+;+;+;0;0;0;0;+;+;FNN;11;;;;;;;;;;;;;;;;;;;;
12;FGT;± grammaticalized temporality;;FGT;-;-;-;-;-;-;-;-;-;-;-;-;-;-;-;-;-;-;-;-;-;-;-;-;-;-;-;-;-;-;-;-;-;-;-;-;-;-;-;-;-;-;-;-;-;-;-;-;-;-;-;-;-;-;-;-;-;+;-;-;-;FGT;12;;;;;;;;;;;;;;;;;;;;
13;FGG;± grammaticalized gender;+FGN;FGG;+;+;+;+;+;+;+;+;+;+;+;+;-;+;-;+;+;+;+;+;+;+;+;+;+;+;+;+;+;+;+;+;+;0;0;0;0;+;+;-;-;-;-;-;-;-;-;-;-;-;-;-;-;-;-;-;-;+;-;+;+;FGG;13;;;;;;;;;;;;;;;;;;;;
14;FSG;± semantic gender ;+FGN ;FSG;+;+;+;+;+;+;+;+;+;+;+;+;+;+;+;+;+;+;+;+;+;+;+;+;+;+;+;+;+;+;+;+;+;0;0;0;0;+;+;-;-;-;-;-;-;-;-;-;-;-;-;-;-;-;-;-;+;-;-;+;+;FSG;14;;;;;;;;;;;;;;;;;;;;
15;CGB;± unbounded sg N;;CGB;-;-;-;-;-;-;-;-;-;-;-;-;-;-;-;-;-;-;-;-;-;-;-;-;-;-;-;-;+;+;-;+;+;+;+;-;-;-;-;+;+;-;-;+;+;+;+;+;+;+;+;+;+;+;+;-;-;+;+;+;+;CGB;15;;;;;;;;;;;;;;;;;;;;
16;FPC;± grammaticalized perception;;FPC;-;-;-;-;-;-;-;-;-;-;-;-;-;-;-;-;-;-;-;-;-;-;-;-;-;-;-;-;-;-;-;-;-;-;-;-;-;-;-;-;-;-;-;-;-;-;-;-;-;-;-;-;-;-;-;-;-;-;-;-;-;FPC;16;;;;;;;;;;;;;;;;;;;;
17;DGR;± grammaticalized Specified Quantity; -FPC, +FGN;DGR;+;+;+;+;+;+;+;+;+;+;+;+;+;+;+;+;+;+;+;+;+;+;-;-;-;-;+;+;-;-;-;-;-;0;0;0;0;+;+;+;-;-;-;-;-;-;-;-;-;-;-;-;-;-;-;-;-;+;-;-;-;DGR;17;;;;;;;;;;;;;;;;;;;;
18;DGP;± grammaticalized text anaphora   ;¬+DGR   ;DGP;0;0;0;0;0;0;0;0;0;0;0;0;0;0;0;0;0;0;0;0;0;0;-;-;-;-;0;0;-;-;-;-;-;-;-;-;-;0;0;0;-;-;-;-;-;-;-;-;-;-;-;-;-;-;-;-;-;0;+;+;+;DGP;18;;;;;;;;;;;;;;;;;;;;
19;CGR;± weak Specified Quantity;-CGB, +DGR;CGR;-;-;-;-;-;-;-;-;-;-;-;-;-;-;-;-;-;+;-;-;+;+;0;0;0;0;+;+;0;0;0;0;0;0;0;0;0;+;+;0;0;0;0;0;0;0;0;0;0;0;0;0;0;0;0;0;0;0;0;0;0;CGR;19;;;;;;;;;;;;;;;;;;;;
20;NWD;± weak person ;+FGP, -FSN or +DGR;NWD;-;-;-;-;-;-;-;-;-;-;-;-;+;+;+;+;+;+;+;+;-;-;0;0;0;0;+;+;0;0;0;0;0;0;0;0;0;-;-;-;0;0;0;0;0;0;0;0;0;0;0;0;0;0;0;-;-;+;-;0;0;NWD;20;;;;;;;;;;;;;;;;;;;;
21;DGD;± grammaticalized distality;-FSN or +DGR;DGD;-;-;-;-;-;-;-;-;-;-;-;-;-;-;-;-;-;-;-;-;-;-;0;0;0;0;-;-;0;0;0;0;0;0;0;0;0;-;-;-;0;0;0;0;0;0;0;0;0;0;0;0;0;0;0;-;+;+;-;0;0;DGD;21;;;;;;;;;;;;;;;;;;;;
22;DPQ;± free null partitive Q;+FNN, -CGB;DPQ;-;-;-;-;0;0;-;-;-;-;-;-;-;-;-;-;-;-;-;-;-;-;-;-;-;-;-;-;0;0;-;0;0;0;0;0;0;-;-;0;0;+;+;0;0;0;0;0;0;0;0;0;0;0;0;0;0;0;0;0;0;DPQ;22;;;;;;;;;;;;;;;;;;;;
23;DCN;± article-checking N;-FSN or +DGR;DCN;-;-;-;-;-;-;-;+;-;-;-;-;-;-;-;-;+;+;+;+;+;+;0;0;0;0;-;-;0;0;0;0;0;0;0;0;0;-;-;-;0;0;0;0;0;0;0;0;0;0;0;0;0;0;0;-;-;-;-;0;0;DCN;23;;;;;;;;;;;;;;;;;;;;
24;DNN;± null-N-licensing art ;-DCN ;DNN;-;-;-;+;-;-;+;0;-;-;-;-;-;+;+;+;0;0;0;0;0;0;0;0;0;0;-;-;0;0;0;0;0;0;0;0;0;-;-;-;0;0;0;0;0;0;0;0;0;0;0;0;0;0;0;+;+;-;-;0;0;DNN;24;;;;;;;;;;;;;;;;;;;;
25;DIN;± D-controlled inflection on N;+FSN;DIN;-;-;-;-;-;-;-;-;-;-;-;-;-;-;-;-;-;-;-;-;-;-;-;-;-;-;-;-;-;-;-;-;-;0;0;0;0;+;-;-;-;-;-;-;-;-;-;-;-;-;-;-;-;-;-;0;0;0;0;-;-;DIN;25;;;;;;;;;;;;;;;;;;;;
26;FGC;± grammaticalized classifier;¬+FGN;FGC;0;0;0;0;0;0;0;0;0;0;0;0;0;0;0;0;0;0;0;0;0;0;0;0;0;0;0;0;0;0;0;0;0;+;+;+;+;0;0;0;0;0;0;0;0;0;0;0;0;0;0;0;0;0;0;0;0;0;0;0;0;FGC;26;;;;;;;;;;;;;;;;;;;;
27;FGE;± general classifier;-FGM, +FGC;FGE;0;0;0;0;0;0;0;0;0;0;0;0;0;0;0;0;0;0;0;0;0;0;0;0;0;0;0;0;0;0;0;0;0;+;-;0;0;0;0;0;0;0;0;0;0;0;0;0;0;0;0;0;0;0;0;0;0;0;0;0;0;FGE;27;;;;;;;;;;;;;;;;;;;;
28;FCN;± person spread to predicate nouns;+FGP;FCN;-;-;-;-;-;-;-;-;-;-;-;-;-;-;-;-;-;-;-;-;-;-;-;-;-;-;-;-;-;-;-;+;+;0;0;0;0;-;-;-;-;-;-;-;-;-;-;-;-;-;-;-;-;-;-;-;-;-;-;-;-;FCN;28;;;;;;;;;;;;;;;;;;;;
29;HMP;± NP-heading modifier;;HMP;-;-;-;-;-;-;-;-;-;-;-;-;-;-;-;-;-;-;-;-;-;-;-;-;-;-;-;-;-;-;-;-;-;-;-;-;-;-;-;-;-;-;-;-;-;-;-;-;-;-;-;-;-;-;-;-;-;-;-;-;-;HMP;29;;;;;;;;;;;;;;;;;;;;
30;ARR;± free reduced relatives;;ARR;+;+;+;+;+;+;+;+;+;+;+;+;-;-;-;-;-;-;-;-;-;-;-;-;-;-;-;-;+;+;+;-;-;+;+;+;+;-;-;-;-;-;-;-;-;+;+;+;+;+;+;+;+;+;+;-;-;+;-;-;-;ARR;30;;;;;;;;;;;;;;;;;;;;
31;GCN;± head-marking;;GCN;-;-;-;-;-;-;-;-;-;-;-;-;-;-;-;-;-;-;-;-;-;-;-;-;-;-;-;-;-;-;-;-;-;-;-;-;-;+;+;+;+;-;+;+;+;+;+;+;+;+;+;+;+;+;+;-;-;+;+;-;-;GCN;31;;;;;;;;;;;;;;;;;;;;
32;GFN;± Person controlled marking;+FGP, +GCN;GFN;0;0;0;0;0;0;0;0;0;0;0;0;0;0;0;0;0;0;0;0;0;0;0;0;0;0;0;0;0;0;0;0;0;0;0;0;0;-;-;+;+;0;+;+;+;+;+;+;+;+;+;+;+;+;+;0;0;-;+;0;0;GFN;32;;;;;;;;;;;;;;;;;;;;
33;GFP;± agreement with all pronouns ;+GFN;GFP;0;0;0;0;0;0;0;0;0;0;0;0;0;0;0;0;0;0;0;0;0;0;0;0;0;0;0;0;0;0;0;0;0;0;0;0;0;0;0;+;+;0;+;+;+;-;+;+;+;+;+;+;+;+;+;0;0;0;+;0;0;GFP;33;;;;;;;;;;;;;;;;;;;;
34;GP3;± agreement with all 3rdPers DPs;+GFP;GP3;0;0;0;0;0;0;0;0;0;0;0;0;0;0;0;0;0;0;0;0;0;0;0;0;0;0;0;0;0;0;0;0;0;0;0;0;0;0;0;+;+;0;-;+;+;0;+;+;+;+;+;+;+;+;-;0;0;0;+;0;0;GP3;34;;;;;;;;;;;;;;;;;;;;
35;CSE;± full c-selection;;CSE;+;+;+;+;+;+;+;+;+;+;+;+;+;+;+;+;+;+;+;+;+;+;+;+;+;+;+;+;+;+;+;+;+;+;+;+;+;+;+;-;-;+;+;+;+;+;+;+;+;+;+;+;+;+;+;+;+;+;+;+;+;CSE;35;;;;;;;;;;;;;;;;;;;;
36;EAL;± ergative alignment                    ;+FGK, +CSE;EAL;-;-;-;-;-;-;-;-;-;-;-;-;-;-;-;-;-;-;-;-;-;-;-;-;-;-;-;-;-;-;-;-;-;0;0;-;-;-;-;0;0;-;-;-;-;-;-;-;-;-;-;-;-;-;-;-;-;0;-;+;+;EAL;36;;;;;;;;;;;;;;;;;;;;
37;CAL;± clausal alignment                    ;+FGK, +CSE, ¬+GP3,¬+EAL;CAL;-;-;-;-;-;-;-;-;-;-;-;-;-;-;-;-;-;-;-;-;-;-;-;-;-;-;-;-;-;-;-;+;+;0;0;-;-;-;+;0;0;-;-;0;0;-;0;0;0;0;0;0;0;0;+;-;-;0;0;0;0;CAL;37;;;;;;;;;;;;;;;;;;;;
38;LKA;± argument linker                        ;;LKA;-;-;-;-;-;-;-;-;-;-;-;-;-;-;-;-;-;-;-;-;-;-;-;-;-;-;-;-;-;-;-;-;-;+;+;+;+;-;-;-;-;-;-;-;-;-;-;-;-;-;-;-;-;-;-;-;-;+;-;-;-;LKA;38;;;;;;;;;;;;;;;;;;;;
39;LKP;± predicative linker                        ;;LKP;-;-;-;-;-;-;-;-;-;-;-;-;-;-;-;-;-;-;-;-;-;-;-;-;-;-;-;-;-;-;-;-;-;+;+;-;-;-;-;-;-;-;-;-;-;+;-;-;-;-;-;-;-;-;-;-;-;+;-;-;-;LKP;39;;;;;;;;;;;;;;;;;;;;
40;LKO;± oblique linker                        ;-LKA;LKO;-;-;-;-;-;-;-;-;-;-;-;-;-;-;-;-;-;-;-;-;-;-;-;-;-;-;-;-;-;-;-;-;-;0;0;0;0;-;-;-;-;-;-;-;-;+;-;-;-;-;-;-;-;-;-;+;+;0;-;-;-;LKO;40;;;;;;;;;;;;;;;;;;;;
41;DMP;± def matching pronominal possessives;+DCN;DMP;0;0;0;0;0;0;0;+;0;0;0;0;0;0;0;0;-;+;-;+;+;+;0;0;0;0;0;0;0;0;0;0;0;0;0;0;0;0;0;0;0;0;0;0;0;0;0;0;0;0;0;0;0;0;0;0;0;0;0;0;0;DMP;41;;;;;;;;;;;;;;;;;;;;
42;DMG;± def matching genitives;+DMP;DMG;0;0;0;0;0;0;0;+;0;0;0;0;0;0;0;0;0;-;0;-;-;-;0;0;0;0;0;0;0;0;0;0;0;0;0;0;0;0;0;0;0;0;0;0;0;0;0;0;0;0;0;0;0;0;0;0;0;0;0;0;0;DMG;42;;;;;;;;;;;;;;;;;;;;
43;GUN;± uniform genitive;+FGK, (-GCN or (+GFP, -GP3)), -CAL, -LKA;GUN;-;-;-;-;-;-;-;-;-;-;-;-;-;-;-;-;-;-;-;-;-;-;-;-;-;-;-;-;-;-;-;0;0;0;0;0;0;0;0;0;0;+;+;0;0;0;0;0;0;0;0;0;0;0;0;-;-;0;0;0;0;GUN;43;;;;;;;;;;;;;;;;;;;;
44;GAD;± free Gen;-LKA, ¬+GUN;GAD;+;+;+;+;+;+;+;+;-;-;-;-;+;+;+;+;+;+;+;+;+;+;-;-;-;-;+;+;+;+;+;+;+;0;0;0;0;+;+;-;-;0;0;-;+;+;-;-;-;-;-;-;-;-;+;+;+;0;-;-;-;GAD;44;;;;;;;;;;;;;;;;;;;;
45;GFO;± GenO;(-GCN or +GFN), ¬+GP3, ¬+EAL, ¬+GUN;GFO;-;-;-;-;-;-;-;-;+;+;+;+;-;-;-;+;-;+;-;-;-;-;+;+;+;+;+;+;-;-;-;-;-;-;-;-;-;0;0;0;0;0;0;0;0;-;0;0;0;0;0;0;0;0;-;-;-;0;0;0;0;GFO;45;;;;;;;;;;;;;;;;;;;;
46;PGO;± partial GenO;-GFO;PGO;-;-;-;-;?;-;-;-;0;0;0;0;-;-;-;0;-;0;-;-;-;-;0;0;0;0;0;0;-;-;-;-;-;-;-;-;-;0;0;0;0;0;0;0;0;-;0;0;0;0;0;0;0;0;-;-;-;0;0;0;0;PGO;46;;;;;;;;;;;;;;;;;;;;
47;GGS;± generalized GenS;+FGP, -CGR, +NWD, ¬+GFP, ¬+GUN;GGS;0;0;0;0;0;0;0;0;0;0;0;0;+;-;-;-;+;0;+;+;0;0;0;0;0;0;0;0;0;0;0;0;0;0;0;0;0;0;0;0;0;0;0;0;0;0;0;0;0;0;0;0;0;0;0;0;0;0;0;0;0;GGS;47;;;;;;;;;;;;;;;;;;;;
48;GSI;± grammaticalized inalienability    ;;GSI;-;-;-;-;-;-;-;-;-;-;-;-;-;-;-;-;-;-;-;-;-;-;-;-;-;-;-;-;-;-;-;-;-;-;-;-;-;-;-;-;-;-;-;-;-;-;-;-;-;-;-;-;-;-;-;-;-;-;-;-;-;GSI;48;;;;;;;;;;;;;;;;;;;;
49;ALP;± alienable possession;-GSI;ALP;-;-;-;-;-;-;-;-;-;-;-;-;-;-;-;-;-;-;-;-;-;-;-;-;-;-;-;-;-;-;-;-;-;-;-;-;-;-;-;-;-;-;-;-;-;-;+;+;+;-;-;-;-;-;-;-;-;-;-;-;-;ALP;49;;;;;;;;;;;;;;;;;;;;
50;GEI;± genitive inversion;+GP3;GEI;0;0;0;0;0;0;0;0;0;0;0;0;0;0;0;0;0;0;0;0;0;0;0;0;0;0;0;0;0;0;0;0;0;0;0;0;0;0;0;-;-;0;0;-;-;0;-;-;-;-;-;-;-;-;0;0;0;0;-;0;0;GEI;50;;;;;;;;;;;;;;;;;;;;
51;GIT;± genitive-licensing iteration             ;;GIT;-;-;-;-;-;-;-;+;-;-;-;-;-;-;-;-;-;-;-;-;-;-;-;-;-;-;-;-;-;-;-;-;-;-;-;-;-;-;-;-;-;-;-;-;-;-;-;-;-;-;-;-;-;-;-;-;-;-;-;-;-;GIT;51;;;;;;;;;;;;;;;;;;;;
52;UST;± unstructured modifiers;+ARR;UST;-;-;-;-;-;-;-;-;-;-;-;-;0;0;0;0;0;0;0;0;0;0;0;0;0;0;0;0;-;-;-;0;0;-;-;+;+;0;0;0;0;0;0;0;0;+;-;-;-;-;+;-;-;-;-;0;0;-;0;0;0;UST;52;;;;;;;;;;;;;;;;;;;;
53;GPC;± gender polarity cardinals;+FGG;GPC;-;-;-;-;-;-;-;-;-;-;-;-;0;-;0;-;-;-;-;-;-;-;-;-;-;-;-;-;-;-;-;-;-;0;0;0;0;+;+;0;0;0;0;0;0;0;0;0;0;0;0;0;0;0;0;0;0;-;0;-;-;GPC;53;;;;;;;;;;;;;;;;;;;;
54;PSC;± plural spread from cardinal  quantifiers;+FSN, ¬+UST, ¬+GPC;PSC;+;+;+;+;+;+;+;+;+;+;+;+;+;+;+;+;+;+;+;+;+;+;+;+;+;+;-;-;+;+;+;+;+;0;0;0;0;0;0;-;-;-;-;-;-;0;+;+;+;-;0;-;-;-;-;0;0;0;0;-;-;PSC;54;;;;;;;;;;;;;;;;;;;;
55;PCA;± plural spread through cardinal adjectives; -PSC;PCA;0;0;0;0;0;0;0;0;0;0;0;0;0;0;0;0;0;0;0;0;0;0;0;0;0;0;-;-;0;0;0;0;0;0;0;0;0;0;0;-;-;-;-;-;-;0;0;0;0;-;0;-;-;-;-;0;0;0;0;-;-;PCA;55;;;;;;;;;;;;;;;;;;;;
56;PMN;± person marking on numerals;+GFP;PMN;0;0;0;0;0;0;0;0;0;0;0;0;0;0;0;0;0;0;0;0;0;0;0;0;0;0;0;0;0;0;0;0;0;0;0;0;0;0;0;-;-;0;-;+;+;0;-;-;-;-;-;-;-;-;-;0;0;0;-;0;0;PMN;56;;;;;;;;;;;;;;;;;;;;
57;RHM;± head marking on relative clauses;+FGP;RHM;-;-;-;-;-;-;-;-;-;-;-;-;-;-;-;-;-;-;-;-;-;-;-;-;-;-;-;-;-;-;-;-;-;0;0;0;0;-;-;+;+;-;-;-;-;-;-;-;-;+;-;-;-;-;-;-;-;-;-;-;-;RHM;57;;;;;;;;;;;;;;;;;;;;
58;FRC;± finite relative clauses;;FRC;+;+;+;+;+;+;+;+;+;+;+;+;+;+;+;+;+;+;+;+;+;+;+;+;+;+;+;+;+;+;+;-;-;+;+;+;+;+;+;+;+;+;+;+;+;-;-;-;-;-;-;-;-;-;-;+;+;+;+;-;-;FRC;58;;;;;;;;;;;;;;;;;;;;
59;NRC;± participial relative clauses;+FRC;NRC;-;-;-;-;-;-;-;-;-;-;-;-;-;-;-;-;-;-;-;-;-;-;-;-;-;-;-;-;+;-;+;0;0;-;-;+;-;-;-;-;+;-;+;+;+;0;0;0;0;0;0;0;0;0;0;+;+;-;+;0;0;NRC;59;;;;;;;;;;;;;;;;;;;;
60;DOR;± def on relatives;+DGR, +FRC;DOR;-;-;-;-;-;-;-;-;-;-;-;-;-;-;-;-;-;-;-;-;-;-;0;0;0;0;-;-;0;0;0;0;0;0;0;0;0;+;-;-;0;0;0;0;0;0;0;0;0;0;0;0;0;0;0;0;0;+;0;0;0;DOR;60;;;;;;;;;;;;;;;;;;;;
61;FFP;± feature spread to particles;+FGN, (+LKA or +LKP or +LKO or +GAD), ¬+GFP;FFP;-;-;-;-;-;-;-;-;0;0;0;0;-;-;-;-;-;-;-;-;-;-;0;0;0;0;-;-;+;+;-;-;-;0;0;0;0;-;-;0;0;0;0;0;0;-;0;0;0;0;0;0;0;0;0;-;-;+;0;0;0;FFP;61;;;;;;;;;;;;;;;;;;;;
62;NUP;± NP under non-genitive arguments;+FGP, (+CSE or +LKA or +LKO);NUP;-;-;-;-;-;-;-;-;-;-;-;-;-;-;-;-;-;-;-;-;-;-;-;-;-;-;-;-;+;+;-;+;+;0;0;0;0;-;-;0;0;-;-;+;+;+;+;+;+;+;+;+;+;+;+;+;+;-;-;+;+;NUP;62;;;;;;;;;;;;;;;;;;;;
63;PNP;± complement under P;+FGP, -CSE or -NUP;PNP;+;+;+;+;+;+;+;+;+;+;+;+;+;+;+;+;+;+;+;+;+;+;+;+;+;+;+;+;0;0;-;0;0;0;0;0;0;+;+;-;-;-;-;0;0;0;0;0;0;0;0;0;0;0;0;0;0;+;+;0;0;PNP;63;;;;;;;;;;;;;;;;;;;;
64;NUD;± NP under D;+FGP;NUD;+;+;+;+;+;+;+;+;+;+;+;+;+;+;+;+;+;+;+;+;+;+;+;+;+;+;+;+;+;+;+;+;+;0;0;0;0;+;+;+;+;+;+;+;+;+;+;+;+;+;+;+;+;+;+;-;-;-;+;+;+;NUD;64;;;;;;;;;;;;;;;;;;;;
65;NUC;± N under cardinals;¬+UST, +PNP, +NUD;NUC;+;+;+;+;+;+;+;+;+;+;+;+;+;+;+;+;+;+;+;+;+;+;+;+;+;+;+;+;0;0;0;0;0;0;0;0;0;-;-;0;0;0;0;0;0;0;0;0;0;0;0;0;0;0;0;0;0;0;-;0;0;NUC;65;;;;;;;;;;;;;;;;;;;;
66;NM1;± N under M1 As;+NUC;NM1;-;-;+;+;+;+;+;+;-;-;+;+;+;+;+;+;+;+;+;+;+;+;+;+;+;+;-;-;0;0;0;0;0;0;0;0;0;0;0;0;0;0;0;0;0;0;0;0;0;0;0;0;0;0;0;0;0;0;0;0;0;NM1;66;;;;;;;;;;;;;;;;;;;;
67;NM2;± N under M2 As;+NM1;NM2;0;0;-;-;-;-;-;-;0;0;+;+;+;+;+;+;+;+;+;+;+;+;+;+;+;+;0;0;0;0;0;0;0;0;0;0;0;0;0;0;0;0;0;0;0;0;0;0;0;0;0;0;0;0;0;0;0;0;0;0;0;NM2;67;;;;;;;;;;;;;;;;;;;;
68;NUA;± N under As;+NM2;NUA;0;0;0;0;0;0;0;0;0;0;+;+;+;+;+;+;+;+;+;+;+;+;+;+;+;+;0;0;0;0;0;0;0;0;0;0;0;0;0;0;0;0;0;0;0;0;0;0;0;0;0;0;0;0;0;0;0;0;0;0;0;NUA;68;;;;;;;;;;;;;;;;;;;;
69;NGO;± N under GenO;(+FGP, +UST) or +NUA, (+GUN or +GFO or +PGO);NGO;0;0;0;0;0;0;0;0;0;0;-;-;0;0;0;-;0;-;0;0;0;0;-;-;-;-;0;0;0;0;0;0;0;0;0;0;0;0;0;0;0;0;0;0;0;0;0;0;0;0;0;0;0;0;0;0;0;0;0;0;0;NGO;69;;;;;;;;;;;;;;;;;;;;
70;EAF;± fronted high As;-NM1;EAF;-;-;0;0;0;0;0;0;-;-;0;0;0;0;0;0;0;0;0;0;0;0;0;0;0;0;+;+;0;0;0;0;0;0;0;0;0;0;0;0;0;0;0;0;0;0;0;0;0;0;0;0;0;0;0;0;0;0;0;0;0;EAF;70;;;;;;;;;;;;;;;;;;;;
71;ACM;± class MOD;-ARR, -NGO;ACM;0;0;0;0;0;0;0;0;0;0;0;0;0;0;0;-;0;-;0;0;0;0;-;-;+;+;0;0;0;0;0;0;0;0;0;0;0;0;0;0;0;0;0;0;0;0;0;0;0;0;0;0;0;0;0;0;0;0;0;0;0;ACM;71;;;;;;;;;;;;;;;;;;;;
72;DSN;± def spread to N;+DCN;DSN;0;0;0;0;0;0;0;-;0;0;0;0;0;0;0;0;-;-;+;+;-;-;0;0;0;0;0;0;0;0;0;0;0;0;0;0;0;0;0;0;0;0;0;0;0;0;0;0;0;0;0;0;0;0;0;0;0;0;0;0;0;DSN;72;;;;;;;;;;;;;;;;;;;;
73;DSA;± def spread to ARR;+DGR, +ARR;DSA;-;-;-;-;-;-;-;-;-;-;+;+;0;0;0;0;0;0;0;0;0;0;0;0;0;0;0;0;0;0;0;0;0;0;0;0;0;0;0;0;0;0;0;0;0;0;0;0;0;0;0;0;0;0;0;0;0;-;0;0;0;DSA;73;;;;;;;;;;;;;;;;;;;;
74;DSS;± def spread to structural categories;+DGR, (-ARR or +DSA);DSS;0;0;0;0;0;0;0;0;0;0;-;-;-;-;-;-;-;-;-;-;-;+;0;0;0;0;-;-;0;0;0;0;0;0;0;0;0;+;+;-;0;0;0;0;0;0;0;0;0;0;0;0;0;0;0;0;0;0;0;0;0;DSS;74;;;;;;;;;;;;;;;;;;;;
75;DOC;± def on cardinals;-NWD, +DCN, +NUC;DOC;0;0;0;0;0;0;0;-;0;0;0;0;0;0;0;0;0;0;0;0;+;+;0;0;0;0;0;0;0;0;0;0;0;0;0;0;0;0;0;0;0;0;0;0;0;0;0;0;0;0;0;0;0;0;0;0;0;0;0;0;0;DOC;75;;;;;;;;;;;;;;;;;;;;
76;NEX;± Proper names in D;(-FSN or -CGR), -NWD, ¬+NUA;NEX;+;+;+;+;+;+;+;+;-;-;0;0;0;0;0;0;0;0;0;0;0;0;0;0;0;0;0;0;0;0;0;0;0;0;0;0;0;0;0;0;0;0;0;0;0;0;0;0;0;0;0;0;0;0;0;+;+;0;-;0;0;NEX;76;;;;;;;;;;;;;;;;;;;;
77;PEX;± Personal proper names in D;+NEX;PEX;+;-;+;+;+;+;+;+;0;0;0;0;0;0;0;0;0;0;0;0;0;0;0;0;0;0;0;0;0;0;0;0;0;0;0;0;0;0;0;0;0;0;0;0;0;0;0;0;0;0;0;0;0;0;0;+;+;0;0;0;0;PEX;77;;;;;;;;;;;;;;;;;;;;
78;FEX;± Partial personal proper names in D;+PEX;FEX;+;0;+;+;+;+;+;+;0;0;0;0;0;0;0;0;0;0;0;0;0;0;0;0;0;0;0;0;0;0;0;0;0;0;0;0;0;0;0;0;0;0;0;0;0;0;0;0;0;0;0;0;0;0;0;+;+;0;0;0;0;FEX;78;;;;;;;;;;;;;;;;;;;;
79;PDC;± D-checking possessives;+DGR, (¬-CGR or -NWD), ¬+GFP;PDC;-;-;-;+;-;+;+;-;-;-;-;-;0;0;0;0;0;+;0;0;-;-;0;0;0;0;+;+;0;0;0;0;0;0;0;0;0;-;-;0;0;0;0;0;0;0;0;0;0;0;0;0;0;0;0;0;0;-;0;0;0;PDC;79;;;;;;;;;;;;;;;;;;;;
80;PCL;± clitic possessives                ;+FGP, ¬+GFP, ¬+DMP, ¬+UST, (-PDC or ¬+DGR);PCL;-;-;-;0;-;0;0;0;+;+;+;+;0;0;0;0;0;0;0;0;0;0;-;-;-;-;0;0;-;-;+;-;-;0;0;0;0;-;-;0;0;-;0;0;0;0;0;0;0;0;0;0;0;0;0;-;-;+;0;-;-;PCL;80;;;;;;;;;;;;;;;;;;;;
81;APO;± adjectival  possessives;¬+GFP, ¬+UST;APO;+;+;+;+;+;-;+;-;-;-;-;-;-;-;-;-;-;-;-;-;+;+;+;+;+;+;-;-;-;-;-;-;-;-;-;0;0;-;-;0;0;-;0;0;0;0;0;0;0;0;0;0;0;0;0;-;-;-;0;-;-;APO;81;;;;;;;;;;;;;;;;;;;;
82;WAP;± Wackernagel possessives;¬+DMP, +NUD, -PDC, -APO or (-NM1, +APO);WAP;+;-;0;0;0;0;0;0;-;-;-;-;0;0;0;0;0;0;0;0;0;0;0;0;0;0;0;0;0;0;0;0;0;0;0;0;0;-;-;0;0;0;0;0;0;0;0;0;0;0;0;0;0;0;0;0;0;0;0;0;0;WAP;82;;;;;;;;;;;;;;;;;;;;
83;AGE;± adjectival genitive;+APO;AGE;-;-;-;-;-;0;-;0;0;0;0;0;0;0;0;0;0;0;0;0;+;+;+;+;-;+;0;0;0;0;0;0;0;0;0;0;0;0;0;0;0;0;0;0;0;0;0;0;0;0;0;0;0;0;0;0;0;0;0;0;0;AGE;83;;;;;;;;;;;;;;;;;;;;
84;OPK;± null possessive licensing article with kinship nouns;+DGR, -GSI;OPK;-;-;+;-;-;-;-;+;-;-;-;-;-;-;-;-;+;+;+;+;-;-;0;0;0;0;-;-;0;0;0;0;0;0;0;0;0;+;+;-;0;0;0;0;0;0;0;0;0;0;0;0;0;0;0;0;0;-;0;0;0;OPK;84;;;;;;;;;;;;;;;;;;;;
85;TSP;± split deictic demonstratives                    ;-FSN or +DGR;TSP;-;-;-;-;-;+;-;-;-;-;-;-;-;-;-;-;-;-;-;-;-;-;0;0;0;0;-;-;0;0;0;0;0;0;0;0;0;-;-;-;0;0;0;0;0;0;0;0;0;0;0;0;0;0;0;-;-;-;+;0;0;TSP;85;;;;;;;;;;;;;;;;;;;;
86;TDP;± split demonstratives                    ;+TSP;TDP;0;0;0;0;0;-;0;0;0;0;0;0;0;0;0;0;0;0;0;0;0;0;0;0;0;0;0;0;0;0;0;0;0;0;0;0;0;0;0;0;0;0;0;0;0;0;0;0;0;0;0;0;0;0;0;0;0;0;-;0;0;TDP;86;;;;;;;;;;;;;;;;;;;;
87;TDC;± D-checking demonstratives;-TSP;TDC;+;+;+;+;+;0;+;+;+;+;-;-;+;+;+;+;+;+;+;+;+;-;0;0;0;0;-;-;0;0;0;0;0;0;0;0;0;-;-;-;0;0;0;0;0;0;0;0;0;0;0;0;0;0;0;+;-;+;0;0;0;TDC;87;;;;;;;;;;;;;;;;;;;;
88;TSA;± structured demonstratives (adjectival);¬+UST, ¬+TSP, ((+DGR, +NM1) or (-ARR, -NM1) or -NUC);TSA;0;0;-;-;-;0;-;+;0;0;-;-;-;-;-;-;-;-;-;-;+;+;0;0;0;0;+;+;0;0;0;0;0;0;0;0;0;+;+;0;0;0;0;0;0;0;0;0;0;0;0;0;0;0;0;0;0;0;0;0;0;TSA;88;;;;;;;;;;;;;;;;;;;;
89;TAR;± unstructured demonstratives;+ARR, ¬+TSP;TAR;-;-;-;+;-;0;-;-;-;-;+;+;0;0;0;0;0;0;0;0;0;0;0;0;0;0;0;0;+;+;+;0;0;+;+;+;+;0;0;0;0;0;0;0;0;-;+;+;+;+;+;+;+;+;-;0;0;-;0;0;0;TAR;89;;;;;;;;;;;;;;;;;;;;
90;TLC;± Dem fronting to Loc;¬+TSP, ¬+TDC, (+TSA or (+PNP, +TAR));TLC;0;0;0;0;0;0;0;0;0;0;+;+;0;0;0;0;0;0;0;0;0;+;0;0;0;0;-;-;0;0;0;0;0;0;0;0;0;+;-;0;0;0;0;0;0;0;0;0;0;0;0;0;0;0;0;0;0;0;0;0;0;TLC;90;;;;;;;;;;;;;;;;;;;;
91;TND;± long distance D-checking demonstratives;+CGR, (+TSA or +TAR);TND;0;0;0;0;0;0;0;0;0;0;0;0;0;0;0;0;0;0;0;0;-;-;0;0;0;0;-;-;0;0;0;0;0;0;0;0;0;-;+;0;0;0;0;0;0;0;0;0;0;0;0;0;0;0;0;0;0;0;0;0;0;TND;91;;;;;;;;;;;;;;;;;;;;
92;TDA;± split def on adjectival demonstratives;(+DSS or +DSA), (+TSA or +TAR);TDA;0;0;0;0;0;0;0;0;0;0;-;-;0;0;0;0;0;0;0;0;0;-;0;0;0;0;0;0;0;0;0;0;0;0;0;0;0;-;+;0;0;0;0;0;0;0;0;0;0;0;0;0;0;0;0;0;0;0;0;0;0;TDA;92;;;;;;;;;;;;;;;;;;;;
93;TNL;± DP under Loc;+TSP or +TLC or (¬+TSP, ¬+TDC, ¬+TSA, ¬+TAR);TNL;0;0;0;0;0;-;0;0;0;0;+;+;0;0;0;0;0;0;0;0;0;+;+;+;+;+;0;0;0;0;0;+;+;0;0;0;0;+;0;+;+;+;+;+;+;+;0;0;0;0;0;0;0;0;+;0;+;0;-;+;+;TNL;93;;;;;;;;;;;;;;;;;;;;
94;FVP;± variable person;+FGA, -NWD;FVP;+;-;-;+;?;-;-;+;-;+;+;+;0;0;0;0;0;0;0;0;+;+;0;0;0;0;0;0;0;0;0;0;0;0;0;0;0;+;-;-;0;0;0;0;0;0;0;0;0;0;0;0;0;0;0;+;+;0;0;0;0;FVP;94;;;;;;;;;;;;;;;;;;;;